{
  "name": "project",
  "tree": {
    "$className": "DataModel",
    "Chat": {
      "$className": "Chat",
      "$ignoreUnknownInstances": true,
      "$path": "src/Chat"
    },
    "ReplicatedStorage": {
      "$className": "ReplicatedStorage",
      "$ignoreUnknownInstances": true,
      "$path": "src/ReplicatedStorage"
    },
    "ServerScriptService": {
      "$className": "ServerScriptService",
      "$ignoreUnknownInstances": true,
      "$path": "src/ServerScriptService"
    },
    "ServerStorage": {
      "$className": "ServerStorage",
      "$ignoreUnknownInstances": true,
      "$path": "src/ServerStorage"
    },
    "StarterPack": {
      "$className": "StarterPack",
      "$ignoreUnknownInstances": true,
      "$path": "src/StarterPack"
    },
    "Workspace": {
      "$className": "Workspace",
      "$ignoreUnknownInstances": true,
      "$path": "src/Workspace"
    }
  }
}